Mixture,B cells naive,B cells memory,Plasma cells,T cells CD8,T cells CD4 naive,T cells CD4 memory resting,T cells CD4 memory activated,T cells follicular helper,T cells regulatory (Tregs),T cells gamma delta,NK cells resting,NK cells activated,Monocytes,Macrophages M0,Macrophages M1,Macrophages M2,Dendritic cells resting,Dendritic cells activated,Mast cells resting,Mast cells activated,Eosinophils,Neutrophils,P-value,Correlation,RMSE
TB6Ag_D0_RM10,0,0.332986802,0.019748987,0,0.118174397,0.143249932,0.092109381,0,0,0,0.172142107,0,0.01434934,0,0,0.019868173,0.002780285,0.005314642,0,0,0.009569221,0.069706734,0,0.440478754,0.902648719
TB6Ag_D0_RM11,0.053641037,0.085611495,0.012649737,0.098885148,0.080546197,0.002481034,0.198487178,0,0,0,0.18336723,0,0.060293321,0.078289654,0,0,0,0,0,0.025024884,0,0.120723086,0,0.361903085,0.937942384
TB6Ag_D0_RM12,0.04722246,0.116886344,0.009883284,0.105346531,0.086033477,0.064815085,0.125920526,0,0,0,0.158209673,0,0.045996756,0.046797858,0,0.011881728,0,0,0,0.011657932,0,0.169348347,0,0.319673863,0.96271347
TB6Ag_D0_RM3,0.073275917,0.178800549,0.002974358,0.09745567,0.080156165,0.16102945,0.048736126,0,0,0,0.139342482,0,0.070997322,0.035629715,0,0.011930388,0,0,0,0,0,0.09967186,0,0.360712606,0.945784347
TB6Ag_D0_RM1,0.018302556,0.215569055,0.010116114,0.045554767,0.208308378,0.077593129,0.06752897,0,0,0,0.125967513,0,0.06461782,0.010154451,0,0.013951856,0,0.004415952,0,0,0,0.137919439,0,0.450243539,0.894212128
TB6Ag_D0_RM2,0.002290282,0.164591236,0.010013654,0.093188647,0.251003174,0.046571172,0.12975031,0,0,0,0.148347742,0,0.012091226,0.006298074,0,0.007073863,0,0.015757227,0,0,0,0.113023394,0,0.380683202,0.935737218
TB6Ag_D0_RM7,0,0.143261833,0.031677675,0.073999051,0.141695111,0.065601934,0.082259798,0,0,0,0.121438043,0,0.037276275,0.065591488,0,0,0,0,0,0,0,0.237198792,0,0.415391479,0.913803106
TB6Ag_D0_RM4,0,0.187019909,0.047800331,0.036990028,0.099076155,0,0.103186845,0,0,0,0.11105092,0,0.045098129,0.119200647,0,0,0,0,0,0,0,0.250577037,0,0.447559896,0.895320679
TB6Ag_D0_RM6,0,0.134724609,0.04599498,0.067642638,0.075687416,0.12113496,0.073708578,0,0,0,0.084752052,0,0.059913134,0.0282162,0,0,0,0,0.0016203,0,0,0.306605133,0,0.394648385,0.929624116
TB6Ag_D0_RM5,0.00278435,0.18304817,0.011372788,0.046449936,0.021729263,0.067239033,0.073482707,0,0,0,0.076427916,0,0.201624473,0.083043578,0,0.005606598,0,0,0,0.009591471,0,0.217599718,0,0.378426707,0.934741707
TB6Ag_D0_RM8,0.062604671,0.084901895,0.000857055,0.063324594,0.176632768,0.072027928,0.115491251,0,0,0,0.153436821,0,0.132523868,0.051013619,0,0.008843606,0,0,0,0.020297716,0,0.058044208,0,0.362137655,0.938391313
TB6Ag_D0_RM9,0.050776683,0.058244745,0.002340444,0.065766311,0.182082365,0.068265531,0.10092598,0,0,0,0.150398455,0,0.107512936,0.01239997,0,0.016317089,0,0.003691879,0,0,0,0.181277611,0,0.37747676,0.93437182
pp71_D0_RM20,0.068680718,0.097946971,0.008550152,0.029987986,0.150979957,0.093356325,0.127267948,0,0,0,0.160685948,0,0.15105198,0.010699948,0,0.016538876,0,0.000321747,0,0,0,0.083931444,0,0.409882542,0.914149388
pp71_D0_RM13,0.02989934,0.243902999,0,0.041000438,0.169263411,0.182183178,0.060021516,0,0,0,0.137104411,0,0.060831444,0.005798106,0,0.014054712,0,0.00095973,0,0.000277679,0,0.054703035,0,0.383103606,0.936868521
pp71_D0_RM14,0.023172193,0.171795471,0.006785613,0.02578843,0.051411406,0.095805079,0.034435567,0,0,0,0.086843596,0,0.074326381,0.107905505,0,0.02194332,0,0,0,0.028209546,0,0.271577894,0,0.380786371,0.9351547
pp71_D0_RM15,0.07475203,0.122201245,0.002261996,0.041432762,0.04865532,0.113310262,0.056987485,0,0,0,0.10645428,0,0.138632334,0.058097141,0,0.027673234,0,0,0,0.019923434,0,0.189618478,0,0.372665274,0.934753528
pp71_D0_RM16,0.062691137,0.107616172,0.013063055,0.071825691,0.305907528,0.048032929,0.066985711,0,0,0,0.129182665,0,0.068916318,0.010154675,0,0.008449723,0,0.002494652,0,0.015745783,0,0.088933962,0,0.343147392,0.956054185
pp71_D0_RM18,0.00773271,0.187393059,0.021726232,0.055447923,0.10891878,0.135722662,0.068751091,0,0,0,0.104635541,0,0.057906209,0.022877509,0,0.01220931,0,0.00065004,0.004179282,0,0,0.211849653,0,0.381314174,0.932674802
pp71_D0_RM19,0,0.068710342,0.004340821,0.046488842,0.057866167,0,0.078988929,0,0,0,0.07782909,0,0.065493213,0.12426071,0,0,0,0,0.01302324,0,0,0.462998647,0,0.494623455,0.885115301
pp71_D0_RM17,0,0.176268644,0.045902507,0.045912937,0.120653115,0.090717904,0.05809363,0,0,0,0.088529566,0,0.027692003,0.04639878,0,0,0,0,0.012939288,0,0,0.286891627,0,0.375046218,0.938978831
TB6Ag_D3_RM10,0.012790598,0.290380495,0.009750444,0.074775078,0.150506189,0.026316635,0.095965191,0,0,0,0.148709658,0,0.100497452,0,0,0.002617526,0,0.001413823,0,0,0,0.086276911,0,0.464819074,0.886378517
TB6Ag_D3_RM11,0.047244775,0.091508618,0.0019502,0.103267414,0.062003358,0,0.15271043,0,0,0,0.161680563,0,0.139527757,0.064559956,0,0.024581742,0,0,0,0.027048738,0,0.123916448,0,0.358701319,0.938255051
TB6Ag_D3_RM12,0.01856534,0.0856306,0.010250973,0.137015534,0.088844885,0,0.176199187,0,0,0,0.256403517,0,0.062519171,0.04247622,0,0.008577341,0,0,0,0.014315447,0,0.099201786,0,0.367658469,0.941378832
TB6Ag_D3_RM3,0.05370648,0.140530521,0.003164933,0.186106328,0.040695111,0,0.169567992,0,0,0,0.192624715,0,0.11473539,0.0150247,0,0.012339593,0,0,0,0.030188116,0,0.041316122,0,0.350720391,0.947737768
TB6Ag_D3_RM1,0.036418643,0.138709271,0.000487214,0.068323263,0.176861404,0,0.147140652,0,0,0,0.139173846,0,0.123593599,0.00888282,0,0.022687448,0,0.002181845,0,0,0,0.135539995,0,0.422976416,0.907109321
TB6Ag_D3_RM2,0.002448253,0.085988557,0.013387196,0.134643803,0.104569971,0.014444532,0.301808738,0,0,0,0.198478742,0,0.057569689,0,0.000660833,0.010898767,0.003571545,0.005876525,0,0,0,0.065652848,0,0.387468643,0.930586595
TB6Ag_D3_RM7,0.001192484,0.092080714,0.036626144,0.125750968,0.236465011,0,0.119346615,0,0,0,0.157350142,0,0.087550712,0.033140499,0,0,0,0.002434907,0,0.002719838,0,0.105341966,0,0.416080614,0.912550637
TB6Ag_D3_RM4,0,0.07148868,0.004426628,0,0.122214942,0.056851561,0.043222104,0,0,0,0.138966472,0,0.127217825,0.171621945,0,0,0,0,0,0,0,0.263989844,0,0.348891821,0.956638114
TB6Ag_D3_RM6,0.017564103,0.086628163,0.005640343,0.125171647,0.062075792,0.047402231,0.133348512,0,0,0,0.139088304,0,0.193944052,0.015436613,0,0,0,0.000648932,0,0.018479808,0,0.154571501,0,0.378873056,0.931319416
TB6Ag_D3_RM5,0,0.10631268,0,0,0.105132671,0.028091214,0.086772046,0,0,0,0.129992006,0,0.22188896,0.120994152,0,0,0,0.003313702,0,0,0,0.197502569,0,0.391364319,0.926855893
TB6Ag_D3_RM8,0.05327269,0.118640104,0.005982911,0.087436645,0.199181292,0.020597494,0.111536785,0,0,0,0.127592378,0,0.103125374,0.053164748,0,0.006743886,0,0,0,0.019891705,0,0.092833988,0,0.397756149,0.920100667
TB6Ag_D3_RM9,0.080118578,0.005866844,0,0.088316333,0.166930766,0,0.115496257,0,0,0,0.142998896,0,0.219370983,0.031006374,0,0.00204149,0,0,0,0.013466995,0,0.134386484,0,0.39265463,0.924155651
pp71_D3_RM20,0.020846304,0.089693873,0.015822858,0.102701239,0.078412431,0,0.133302383,0,0,0,0.174194121,0,0.242694483,0.044653579,0,0,0,0,0,0.001665711,0,0.096013017,0,0.468616808,0.882382998
pp71_D3_RM13,0.051750814,0.162447127,0,0.097480524,0.157731693,0.040452534,0.138200209,0,0,0,0.186627841,0,0.074937916,0.011712937,0,0.012618704,0,0.000695052,0,0.013648247,0,0.051696405,0,0.406902922,0.918675148
pp71_D3_RM14,0,0.240803929,0.008034358,0.081260872,0.108053138,0,0.087507317,0,0.008364136,0,0.11864678,0,0.065269882,0.050993986,0,0.0288069,0,0,0,0.032497674,0,0.169761028,0,0.437442328,0.899360533
pp71_D3_RM15,0.058522697,0.118232616,0.012410774,0.1146613,0.090634214,0,0.165538012,0,0,0,0.171135963,0,0.052170125,0.030478426,0,0.017849811,0,0,0,0.039245334,0,0.129120728,0,0.361065509,0.93898634
pp71_D3_RM16,0.020137672,0.05223213,0.006238826,0.128146643,0.208191761,0,0.18044445,0,0,0,0.236828442,0,0.100015338,0,0,0.007589071,0,0.000483168,0,0.016822525,0,0.042869975,0,0.442484276,0.901078279
pp71_D3_RM18,0.025559277,0.106012448,0.006425533,0.099438305,0.220556861,0.036759107,0.119008464,0,0,0,0.148335624,0,0.102571508,0.029184892,0,0,0,0,0,0,0,0.10614798,0,0.373633515,0.936004924
pp71_D3_RM19,0,0.088204937,0.008894048,0.061221377,0.141428257,0.070989043,0.186884411,0,0,0,0.203766896,0,0.107300804,0.013629722,0,0,0.003420544,0.000680531,0,0.016961616,0,0.096617814,0,0.34444374,0.950191791
pp71_D3_RM17,0.001042517,0.093739355,0.033386249,0.035125644,0.154325134,0.10784782,0.184019256,0,0,0,0.157800828,0,0.080637041,0.019561465,0.000631415,0,0.003083925,0.003832797,0.005012613,0,0,0.119953942,0,0.324206589,0.958533503
TB6Ag_D7_RM10,0.003886314,0.274907215,0.045257579,0.111467715,0.124523395,0,0.128626818,0,0,0,0.171455707,0,0.077557474,0.001904262,0,0.003280806,0,0.00559817,0,0,0,0.051534543,0,0.532786543,0.845160424
TB6Ag_D7_RM11,0.103687992,0.029998869,0.003548259,0.119782019,0.055019874,0,0.15801257,0,0.00135616,0,0.165358741,0,0.10806795,0.035831844,0,0.038901159,0,0,0,0.046584979,0,0.133849584,0,0.332087277,0.951729432
TB6Ag_D7_RM12,0.015217855,0.091957759,0.008928716,0.172546328,0.087512471,0,0.190201295,0,0.000355112,0,0.263203496,0,0.070579711,0.015077929,0,0.004290332,0,0.000824895,0,0.016708836,0,0.062595265,0,0.431096003,0.908223235
TB6Ag_D7_RM3,0.025143675,0.185063048,0.00503638,0.174910779,0.005512011,0.091237619,0.154270289,0,0,0,0.190799726,0,0.069962911,0.012715309,0,0.015304734,0,0,0,0.007067262,0,0.062976256,0,0.367616649,0.941926478
TB6Ag_D7_RM1,0.045298772,0.189238549,0.016041998,0.08211275,0.1708185,0,0.145962707,0,0,0,0.17750149,0,0.09624921,0,0,0.021498242,0,0.001465578,0,0,0,0.053812204,0,0.485246956,0.873526742
TB6Ag_D7_RM2,0.003050638,0.082796887,0.01232196,0.176559922,0.095829379,0.020590871,0.279440457,0,0,0,0.234785263,0,0.020851869,0,0.001137143,0.023609842,0.004689175,0.004592151,0,0,0,0.039744444,0,0.465309118,0.889222276
TB6Ag_D7_RM7,0.011404222,0.087170445,0.047544779,0.097400616,0.230389935,0.018959794,0.161020397,0,0,0,0.187979006,0,0.064306369,0.012332637,0,0,0,0.000974423,0,0.006262115,0,0.074255262,0,0.454509465,0.891740739
TB6Ag_D7_RM4,0,0.118874634,0.005051689,0.028168833,0.051588791,0,0.090757752,0,0,0,0.07943373,0,0.067939064,0.151911534,0,0,0,0,0,0,0,0.406273973,0,0.518572349,0.860923949
TB6Ag_D7_RM6,0.032158955,0.111644281,0.034193581,0.137871111,0.14648156,0,0.135803623,0,0.007969188,0,0.083496193,0,0.104793455,0.037595633,0,0,0,0,0,0.011306268,0,0.156686152,0,0.4318715,0.90225962
TB6Ag_D7_RM5,0.019790977,0.169679503,0.002714467,0.098649353,0.05009343,0,0.12313945,0,0,0,0.099141338,0,0.228399334,0.057970951,0,0,0,0,0,0.037308209,0,0.113112988,0,0.424670739,0.905243204
TB6Ag_D7_RM8,0.030068413,0.131279544,0.005131511,0.099356569,0.192290919,0.05744924,0.143455124,0,0,0,0.153383778,0,0.081654363,0.016382351,0,0.003259342,0,4.64E-05,0,0.016126508,0,0.07011591,0,0.374099119,0.935811728
TB6Ag_D7_RM9,0.025015309,0.038682543,0.003033034,0.113022158,0.187611121,0,0.175528953,0,0,0,0.214879686,0,0.143085917,0.024236242,0,0,0.00176191,0.000362151,0,0.012042978,0,0.060737998,0,0.40642958,0.918719997
pp71_D7_RM20,0,0.176052445,0.113548497,0.101067174,0.14359865,0,0.141091899,0,0,0,0.123679713,0,0.122788706,0.018119596,0,0,0,0,0,0,0,0.06005332,0,0.575870833,0.821413347
pp71_D7_RM13,0.048066123,0.144971372,0,0.116272183,0.173498091,0.002390591,0.148231562,0,0,0,0.205857913,0,0.077075653,0.0095096,0,0.007758002,0,0.003705763,0,0.001006336,0,0.061656812,0,0.396486519,0.925597665
pp71_D7_RM14,0.010849827,0.219073295,0.0080896,0.080140051,0.101208757,0.008846844,0.104202139,0,0,0,0.138109044,0,0.049584574,0.047439176,0,0.039952299,0,0,0,0.032603217,0,0.159901176,0,0.389613315,0.924133923
pp71_D7_RM15,0.045493321,0.077822265,0.009368395,0.124217508,0.105189083,0,0.154299091,0,0,0,0.213179228,0,0.082850041,0.027461392,0,0.007696726,0,0,0,0.0468771,0,0.10554585,0,0.327106722,0.9580824
pp71_D7_RM16,0,0.112798431,0.050378966,0.158423184,0.207432174,0,0.147916641,0,0,0,0.128986482,0,0.123290803,0.012601636,0,0,0.001361759,0.000363172,0,0.015585878,0,0.040860873,0,0.459297232,0.888083771
pp71_D7_RM18,0.019613938,0.097029967,0.0054502,0.12769465,0.223495036,0,0.157129306,0,0,0,0.213445936,0,0.069271842,0.03459983,0,0,0,0,0,0,0,0.052269295,0,0.435173414,0.904637551
pp71_D7_RM19,0.006361361,0.059484065,0.022494882,0.119287188,0.119691704,0,0.265209873,0,0,0,0.201468747,0,0.063311992,0.019478798,0,0.006838527,0.009416163,0,0,0.017236473,0,0.089720225,0,0.465202594,0.884851488
pp71_D7_RM17,0.027894807,0.108654986,0.013147277,0.162851561,0.220192612,0,0.154709521,0,0,0,0.14391078,0,0.081736938,0.020082893,0,0.007967745,0,0,0,0.004024534,0,0.054826345,0,0.398918963,0.923795967
TB6Ag_D14_RM10,0,0.306281945,0.014257596,0,0.108717414,0.139801296,0.132960686,0,0,0,0.182953931,0,0.012830816,0,0,0.017084373,0.006129585,0.00530876,0,0,0,0.073673598,0,0.436964084,0.903598527
TB6Ag_D14_RM11,0.050809575,0.059318928,0.009250058,0.091347386,0.045302162,0.045962984,0.224165122,0,0,0,0.149621275,0,0.044386277,0.063802722,0,0,0,0,0,0.009881007,0,0.206152505,0,0.371296432,0.935136544
TB6Ag_D14_RM12,0.040324764,0.125401234,0.009345501,0.134246346,0.148307765,0,0.152933749,0,0,0,0.184006385,0,0.057923483,0.06096718,0,0.015019396,0,0,0,0.006295082,0,0.065229115,0,0.372642667,0.935349158
TB6Ag_D14_RM3,0.024624376,0.162080463,0.010569811,0.092092436,0.078943172,0.095155092,0.077050461,0,0,0,0.129430848,0,0.075664301,0.116364295,0,0.0156812,0,0,0,0.008395207,0,0.113948338,0,0.407939826,0.914544923
TB6Ag_D14_RM1,0.021856376,0.227912155,0.01286213,0.082665555,0.227125317,0.028488064,0.109786922,0,0,0,0.141162477,0,0.057006933,0,0,0.012925724,0,0.001038431,0,0,0,0.077169915,0,0.476619715,0.879486758
TB6Ag_D14_RM2,0,0.101017025,0.004136848,0.138100223,0.16159198,0.058036876,0.157322084,0,0,0,0.242293834,0,0.037806178,0.010164664,0,0.002425991,0,0.000416559,0,0,0,0.086687738,0,0.455935324,0.895040839
TB6Ag_D14_RM7,0,0.047651252,0.043294653,0.053058845,0.06268326,0.031453615,0.121578221,0,0,0,0.090306837,0,0.027552036,0.145371593,0,0,0,0,0.003527157,0,0,0.373522532,0,0.458005084,0.89624535
TB6Ag_D14_RM4,0,0.135696775,0.040649313,0.036217405,0.046761387,0,0.093806571,0,0,0,0.089758841,0,0.013580219,0.137766742,0,0,0,0,0,0.005958134,0,0.399804613,0,0.488318513,0.879077264
TB6Ag_D14_RM6,0.005378433,0.133135353,0.054096991,0.094203343,0.072207331,0.029716125,0.111095477,0,0,0,0.08603531,0,0.076065222,0.041841957,0,0.002970071,0,0,0,0,0,0.293254387,0,0.418281085,0.913852849
TB6Ag_D14_RM5,0.005603023,0.245426822,0.011274499,0.072803656,0.032374242,0.014784618,0.099086889,0,0,0,0.08775998,0,0.248071661,0.044497733,0,0.002301924,0,0,0,0.028011147,0,0.108003805,0,0.421866235,0.907950109
TB6Ag_D14_RM8,0.051161093,0.170366857,0.009730833,0.085737113,0.173224263,0,0.139090357,0,0,0,0.127255257,0,0.107277924,0.034092567,0,0.005027899,0,0,0,0.016572099,0,0.080463738,0,0.386915754,0.925963587
TB6Ag_D14_RM9,0.043821871,0.074570947,0.011500103,0.10437135,0.157705765,0,0.124436788,0,5.76E-05,0,0.159383181,0,0.157105801,0.043142296,0,0.004787965,0,0,0,0.005572016,0,0.113544294,0,0.402059693,0.91806521
pp71_D14_RM20,0.005224046,0.113029508,0.025606085,0.090004336,0.097960337,0.006177659,0.140782987,0,0,0,0.16211089,0,0.154301148,0.078632852,0,0,0,0,0,0.008248213,0,0.117921937,0,0.42565775,0.904683092
pp71_D14_RM13,0.04842874,0.163953779,0,0.107201124,0.208298021,0,0.159249961,0,0,0,0.159515575,0,0.075877158,0.014521397,0,0.009633909,0,0.003445653,0,0,0,0.049874684,0,0.416736101,0.913270361
pp71_D14_RM14,0.000655484,0.196437785,0.006452862,0.070781365,0.026685912,0.027175664,0.118547984,0,0,0,0.112635696,0,0.079440581,0.075275908,0,0.027108068,0,0,0,0.041771312,0,0.21703138,0,0.430326954,0.903182652
pp71_D14_RM15,0.036367126,0.108126169,0.004459825,0.07425323,0.13895732,0.025195937,0.19020042,0,0,0,0.180234208,0,0.065290778,0.006171476,0,0.020578335,0,0.00158138,0,0.037794777,0,0.110789018,0,0.358720379,0.940397417
pp71_D14_RM16,0.017977564,0.040993222,0.008016879,0.13061644,0.201973447,0.047987898,0.201657294,0,0,0,0.220672726,0,0.073328371,0.01265062,0,0,0.001721301,0.001042667,0,0,0,0.041361572,0,0.409517597,0.923186487
pp71_D14_RM18,0,0.115233111,0.037682017,0.053442266,0.094748279,0,0.108629029,0,0,0,0.114549739,0,0.077479066,0.114248477,0,0,0,0,0.003989713,0,0,0.279998302,0,0.455734152,0.891393252
pp71_D14_RM19,0,0.137715446,0.019509445,0.078484529,0.06539657,0.005432795,0.129153957,0,0,0,0.102318185,0,0.054177181,0.073751112,0,0,0,0,0,0,0,0.334060779,0,0.477749418,0.880637185
pp71_D14_RM17,0,0.116158446,0.044072415,0.061002489,0.078469384,0.005032051,0.102419679,0,0,0,0.093067112,0,0.060621259,0.082198356,0,0,0,0,0.02022393,0,0,0.336734879,0,0.447692921,0.898548948
TB6Ag_D98_RM10,0.042259024,0.306613725,0.00979604,0.034477925,0.04219347,0.158651286,0.041922856,0,0,0,0.084549244,0,0.050812454,0,0,0.017231292,0,0.012214215,0,0.001979548,0.007399562,0.189899359,0,0.418659727,0.916466628
TB6Ag_D98_RM11,0.039324032,0.20402247,0.023215911,0.108335901,0.134402467,0,0.117876781,0,0.000333218,0,0.11708186,0,0.081183414,0.035758819,0,0.007645951,0,0,0,0.007480965,0,0.123338211,0,0.462166574,0.886258162
TB6Ag_D98_RM12,0.036009849,0.185557939,0.012408689,0.117608686,0.113671169,0,0.122388459,0,0,0,0.151416903,0,0.090177821,0.021170566,0,0.018687119,0,0,0,0.02552414,0,0.10537866,0,0.356440187,0.942126273
TB6Ag_D98_RM3,0.016418792,0.266937818,0.014732929,0.078963548,0.008731722,0.139838279,0.046604407,0,0,0,0.09739114,0,0.059205757,0.036534883,0,0.019447834,0,0,0,0.009865918,0,0.205326973,0,0.37706646,0.936831818
TB6Ag_D98_RM1,0.010361696,0.250379067,0.006129566,0.042797886,0.132488802,0.066981111,0.06377033,0,0,0,0.093258768,0,0.070197789,0.034910725,0,0.042338201,0,0,0,0,0,0.186386059,0,0.450352709,0.893539607
TB6Ag_D98_RM2,0.018453051,0.166422426,0.0020001,0.079660928,0.174128525,0.123719417,0.054273828,0,0,0,0.115066538,0,0.045634212,0.020082391,0,0.027944214,0,0.010690274,0,0.018435788,0,0.143488307,0,0.330337123,0.959207378
TB6Ag_D98_RM7,0.034961165,0.080817402,0.040970439,0.090699198,0.246692172,0.068635392,0.163744545,0,0,0,0.186128519,0,0.050701126,0.007366882,0,0,0,0.001837669,0,0,0,0.027445492,0,0.520251605,0.853409225
TB6Ag_D98_RM4,0,0.148315561,0.110453773,0.057521816,0.095647989,0.024716245,0.110117953,0,0,0,0.124267671,0,0.047352946,0.083947755,0,0.002694416,0,0,0,0.015848178,0,0.179115696,0,0.457380345,0.888307502
TB6Ag_D98_RM6,0.010069809,0.213982154,0.010243776,0.093420368,0.137432324,0.090150289,0.127248971,0,0,0,0.148285887,0,0.09219463,0.001149462,0,0.009639716,0,0.000898594,0,0,0,0.06528402,0,0.398433042,0.923358994
TB6Ag_D98_RM5,0.027261481,0.15628789,0.00757665,0.061213307,0.089709669,0.014130227,0.097108337,0,0,0,0.100704712,0,0.280016761,0.051347235,0,0,0,0,0,0.022610608,0,0.092033123,0,0.418667208,0.908895806
TB6Ag_D98_RM8,0.08394608,0.066617481,0.005469035,0.089156646,0.217269465,0.028413083,0.139161853,0,0,0,0.199542977,0,0.101332588,0.022907418,0,0.01049415,0,0,0,0.008192189,0,0.027497034,0,0.36726861,0.941024017
TB6Ag_D98_RM9,0.077051674,0.035243965,0,0.067270582,0.200217891,0.017317329,0.108282723,0,0,0,0.14537359,0,0.17980169,0.047681235,0,0.015394013,0,0.008803957,0,0,0,0.097561352,0,0.384351821,0.926970028
pp71_D98_RM20,0.050807015,0.120890269,0.008393572,0.017919922,0.154187429,0.111565075,0.105542619,0,0,0,0.138026719,0,0.164128102,0.027014897,0,0.008462054,0,0,0,0,0,0.093062327,0,0.426939636,0.904842984
pp71_D98_RM13,0.04056118,0.170419159,0.007833163,0.072809423,0.233072396,0.031839398,0.084664908,0,0,0,0.125959105,0,0.095879,0.023341187,0,0.011883019,0,0.003833644,0,0.012839206,0,0.08506521,0,0.395915559,0.923018071
pp71_D98_RM14,0,0.285628387,0.008694997,0.020084625,0.047132686,0.017640256,0.031653472,0,0.004670534,0,0.035961654,0,0.024800492,0.164878252,0,0.001689418,0,0,0,0.024009243,0.000638598,0.332517388,0,0.466354561,0.893473714
pp71_D98_RM15,0,0.127204645,0.000533004,0.040167191,0.106358619,0.043291442,0.045746799,0,0,0,0.104634699,0,0.133466297,0.095696568,0,0.029338026,0,0,0,0.004186638,0,0.269376072,0,0.395748484,0.927587162
pp71_D98_RM16,0.044934621,0.027925368,0.003830828,0.098016672,0.2635614,0.023396437,0.139406042,0,0,0,0.189812622,0,0.099865075,0.030457774,0,0,0,0,0,0.007001023,0,0.071792137,0,0.329865156,0.963191107
pp71_D98_RM18,0.023223644,0.162038457,0.009571154,0.071670471,0.153615668,0.071106978,0.067319735,0,0,0,0.105121178,0,0.065271845,0.046433834,0,0.007718455,0,0,0,0,0,0.216908582,0,0.398794872,0.923292919
pp71_D98_RM19,0,0.103222344,0.010112746,0.052896606,0.085863326,0.023700004,0.119053579,0,0,0,0.097331862,0,0.121395845,0.084015804,0,0,0,0,0,0.000109298,0,0.302298586,0,0.476254246,0.880786157
pp71_D98_RM17,0,0.1229976,0.008286692,0.034246304,0.097422079,0.016079268,0.057619243,0,0,0,0.073717218,0,0.081818035,0.101158368,0,0,0,0,0.023388189,0,0,0.383267003,0,0.446829748,0.906038951
TB6Ag_D101_RM10,0.034559407,0.134855421,0.007360412,0.092018929,0.08070205,0.077986347,0.18620363,0,0,0,0.217464651,0,0.039774036,0.003257668,0,0.003288896,0,0.002318869,0,0.005207152,0,0.115002532,0,0.36920955,0.940787299
TB6Ag_D101_RM11,0.002503373,0.122223385,0.005516817,0.102496924,0.09471799,0.00391539,0.246673094,0,0,0,0.16365119,0,0.073135744,0.027663658,0,0,0.010190423,0.001659722,0,0,0.012864176,0.132788114,0,0.356573587,0.941419113
TB6Ag_D101_RM12,0.038914871,0.083715478,0.005913082,0.117317564,0.089777102,0.025478795,0.206323155,0,0,0,0.27040852,0,0.0733944,0.016957599,0,0.011775354,0,0,0,0.006195652,0,0.053828429,0,0.347754149,0.95530538
TB6Ag_D101_RM3,0.04556108,0.094791073,0.003616033,0.172639575,0.02840163,0.007950097,0.211735249,0,0,0,0.231688454,0,0.105630029,0.010822683,0,0.006703082,0.000135591,0.001143052,0,0.010921867,0,0.068260503,0,0.299386336,0.978305527
TB6Ag_D101_RM1,0.011970605,0.180895854,0.009066113,0.059950945,0.215677093,0.069269779,0.094032564,0,0,0,0.124773003,0,0.100463521,0.004606418,0,0.017179493,0,0.002567805,0,0.002857941,0,0.106688867,0,0.438361574,0.899984045
TB6Ag_D101_RM2,0.009595578,0.110510083,0.007437575,0.179051604,0.139205997,0,0.197105236,0,0,0,0.219743444,0,0.065878745,0,0,0.012484617,0,0.001995894,0,0,0,0.056991228,0,0.399248634,0.926976387
TB6Ag_D101_RM7,0,0.100192445,0.056894142,0.120220514,0.216150864,0,0.162954743,0,0,0,0.161483508,0,0.061225279,0.017749892,0,0,0.001282362,0.001276555,0,0.008434289,0,0.092135406,0,0.456889506,0.889579342
TB6Ag_D101_RM4,0,0.12506679,0.063681481,0.039706501,0.122704541,0,0.096122793,0,0,0,0.112300697,0,0.063664948,0.14996139,0,0,0,0,0,0,0,0.226790858,0,0.503455335,0.862969763
TB6Ag_D101_RM6,0,0.216041417,0.008587478,0.101796665,0.062601605,0.040970872,0.111410927,0,0,0,0.13363843,0,0.108003198,0.028018015,0,0.004683109,0,0,0,0.005119376,0,0.179128908,0,0.429181626,0.904874946
TB6Ag_D101_RM5,0.045683912,0.134965033,0.003369673,0.072914195,0.056512576,0,0.100492564,0,0,0,0.092333214,0,0.235691696,0.074408623,0,9.78E-05,0,0,0,0.040898587,0,0.142632096,0,0.41480003,0.911115245
TB6Ag_D101_RM8,0.052327442,0.111645028,0.003282928,0.081956545,0.202238059,0,0.135605145,0,0.009147984,0,0.13189765,0,0.120977363,0.047187272,0,0,0,0,0,0.026337195,0,0.07739739,0,0.384440835,0.926460859
TB6Ag_D101_RM9,0.077373513,0.059822005,0.002500132,0.083096715,0.213680947,0,0.109403375,0,0,0,0.154916491,0,0.174165688,0.036044805,0,0.008527028,0,0,0,0.009415544,0,0.071053758,0,0.399663038,0.91946063
pp71_D101_RM20,0.037537452,0.069937775,0.001550492,0.099634023,0.10865768,0,0.178048637,0,0,0,0.199478375,0,0.223442505,0.01919275,0,0.001500438,0,0,0,0.006311369,0,0.054708504,0,0.414848738,0.911855137
pp71_D101_RM13,0.036051795,0.12457452,0,0.115765753,0.133386523,0,0.151121221,0,0,0,0.200818161,0,0.104811526,0.019178501,0,0.011001714,0,0,0,0.02011131,0,0.083178977,0,0.350841115,0.946519147
pp71_D101_RM14,0.003415416,0.188385555,0.005145991,0.105725567,0.077910726,0.019513565,0.138691403,0,0,0,0.183898929,0,0.088105968,0.005418119,0,0.024498833,0,0.000687553,0,0.050192779,0,0.108409597,0,0.370106852,0.934261451
pp71_D101_RM15,0.025833718,0.09375153,0.008432488,0.083420994,0.158528135,0.039447373,0.185195281,0,0,0,0.215141652,0,0.065522576,0.016217198,0,0,0,0.000497829,0,0.025933517,0,0.08207771,0,0.303261132,0.973823799
pp71_D101_RM16,0.022065986,0.05733484,0.006594453,0.121065094,0.254375236,0,0.176402012,0,0,0,0.237308536,0,0.089879332,0,0,0.0014051,0.001154221,0.000712536,0,0.00788796,0,0.023814695,0,0.442016155,0.903522416
pp71_D101_RM18,0.031740846,0.157649885,0.002360864,0.073975466,0.14384303,0,0.106040694,0,0,0,0.127756464,0,0.135210102,0.081714156,0,0,0,0,0,0,0,0.139708493,0,0.420842638,0.907958334
pp71_D101_RM19,0.01765471,0.112918187,0.009644157,0.057346998,0.128028781,0,0.083954976,0,0.007833766,0,0.098995875,0,0.197579206,0.061785282,0,0,0,0,0,0.018434046,0,0.205824018,0,0.449755051,0.893588132
pp71_D101_RM17,0,0.118745955,0.027565135,0.038210811,0.081352279,0,0.076068701,0,0,0,0.093679731,0,0.149555272,0.058089651,0,0,0,0.004751777,0.022089069,0,0,0.329891618,0,0.462657307,0.891130641
TB6Ag_D105_RM10,0.006918223,0.258037765,0.007041988,0.104461609,0.182052211,0,0.145567734,0,0,0,0.156232523,0,0.064524023,0.003677077,0,0,0,0.000506445,0,0.003944416,0,0.067035987,0,0.493224998,0.869393415
TB6Ag_D105_RM11,0.046667455,0.053708633,0.006185089,0.147394638,0.110902069,0,0.17586578,0,0,0,0.175905201,0,0.080629483,0.063713692,0,0.004726974,0,0,0,0.004918488,0,0.129382499,0,0.426267161,0.906084431
TB6Ag_D105_RM12,0.00204669,0.106385775,0.011239144,0.144650721,0.098410333,0.001585588,0.288109652,0,0,0,0.211266447,0,0.045894863,0,0,0.023902769,0.003257985,0.004014886,0,0.002214307,0,0.057020839,0,0.402628629,0.922413604
TB6Ag_D105_RM3,0.034684953,0.130707146,0.002861867,0.119208963,0.045096676,0.090644021,0.164102083,0,0,0,0.195766366,0,0.029965282,0.03619876,0,0.00502398,0,0,0,0.01791028,0,0.127829623,0,0.315972625,0.967079594
TB6Ag_D105_RM1,0.029082467,0.145732559,0,0.097632987,0.224764441,0.047444275,0.137170247,0,0,0,0.192057783,0,0.072413202,0,0,0.004441533,0,0.00122074,0,0,0,0.048039766,0,0.448447302,0.897385837
TB6Ag_D105_RM2,0.000569394,0.079127515,0.009199695,0.129497523,0.113736778,0.059962957,0.294753561,0,0,0,0.214465811,0,0.034094579,0,0,0.008734271,0.003549496,0.005046494,0,0,0,0.047261926,0,0.394555678,0.931033763
TB6Ag_D105_RM7,0.020759701,0.075157239,0.040636967,0.135327159,0.243564101,0,0.149430821,0,0,0,0.122539385,0,0.061357999,0.031243353,0,0,0,0,0,0.002744425,0,0.11723885,0,0.446069313,0.895971936
TB6Ag_D105_RM4,0,0.076453014,0.014364937,0.008195679,0.064403982,0.008408899,0.092295259,0,0,0,0.07335498,0,0.077812943,0.14415989,0,0,0,0,0.006576037,0,0,0.433974382,0,0.501664661,0.876294542
TB6Ag_D105_RM6,0,0.168425147,0.011889824,0.02192183,0.142673615,0.115778071,0.149351669,0,0,0,0.179661951,0,0,0.015361047,0,0.008958808,0.004593581,0.002108063,0.010953733,0,0.000496507,0.167826153,0,0.364081217,0.941108233
TB6Ag_D105_RM5,0,0.167426117,0.005581967,0.069857291,0.02550691,0.011303729,0.123170083,0,0,0,0.081284105,0,0.165933073,0.089315618,0,0,0,0,0,0.013836683,0,0.246784424,0,0.440107361,0.900173914
TB6Ag_D105_RM8,0.0419504,0.116247624,0.006150325,0.112333432,0.162090055,0.019610076,0.15146432,0,0,0,0.176604085,0,0.093673487,0.021746262,0,0.003107122,0,0,0,0.012226901,0,0.08279591,0,0.363314202,0.940545015
TB6Ag_D105_RM9,0.063135557,0.019657507,0,0.105032829,0.159318108,0,0.151177227,0,0,0,0.17924705,0,0.16321954,0.019942638,0,0.004845257,0,0,0,0.008391132,0,0.126033154,0,0.400295003,0.920611838
pp71_D105_RM20,0.0359009,0.065646968,0.008442948,0.092733936,0.115461147,0.061794117,0.164378664,0,0,0,0.180524445,0,0.140169349,0.051068349,0,0,0,0,0,0.012584828,0,0.071294348,0,0.411464887,0.913085805
pp71_D105_RM13,0.047421431,0.098252728,0,0.136920812,0.154385412,0,0.171920083,0,0,0,0.218819572,0,0.099583231,0.0080539,0,0.00327729,0,0.004134461,0,0.016730498,0,0.040500583,0,0.423976201,0.909844712
pp71_D105_RM14,0.044431356,0.125344623,0.008046174,0.126601067,0.063164813,0,0.188697206,0,0,0,0.197425939,0,0.015838824,0.02631406,0,0.019128998,0,0.000681748,0,0.043935741,0,0.140389451,0,0.375478935,0.933298628
pp71_D105_RM15,0.04457192,0.065043578,0,0.06706047,0.104855658,0,0.188222416,0,0,0,0.19839865,0,0.002901375,0.036872555,0,0.022737972,0,0.001505214,0,0.054038114,0,0.213792078,0.06,0.165573797,1.038943138
pp71_D105_RM16,0.004213641,0.031047309,0.008672389,0.153085093,0.163571135,0.069022416,0.242136725,0,0,0,0.199981122,0,0.031055734,0,0,0.019395645,0.00586288,0.003806677,0,0,0,0.068149233,0,0.403467101,0.927506729
pp71_D105_RM18,0,0.122999571,0.012618844,0.047798811,0.171777961,0.121126627,0.126164609,0,0,0,0.18135196,0,0.035464492,0.015516274,0.000600264,0.007714396,0.004134448,0.001963615,0,0,0.026674349,0.124093781,0,0.344213325,0.952088884
pp71_D105_RM19,0,0.059897249,0.006255812,0.075305426,0.123127914,0.027693745,0.18628928,0,0,0,0.154534874,0,0.089694217,0.066541881,0,0,0,0,0,0.022164564,0,0.188495037,0,0.374658011,0.933051171
pp71_D105_RM17,0.024917906,0.081299112,0.002906344,0.077934625,0.104684778,0.029295134,0.096793767,0,0,0,0.11329183,0,0.040274279,0.150797669,0,0,0,0,0.003504048,0,0,0.274300509,0,0.388791639,0.930919969
TB6Ag_D112_RM10,0.029010186,0.18954486,0.005718524,0.034489109,0.137124613,0.143401697,0.120888058,0,0,0,0.1826455,0,0.074049,0,0,0.001422202,0,0.01112932,0,0,0,0.070576932,0,0.391075778,0.928106803
TB6Ag_D112_RM11,0.03370446,0.112598934,0.002142691,0.146057488,0.105706636,0,0.173322021,0,0,0,0.144531745,0,0.084638964,0.053467005,0,0.003843818,0,0,0,0.001903433,0,0.138082805,0,0.442628838,0.896758115
TB6Ag_D112_RM12,0.00060574,0.097863876,0.012287856,0.078136738,0.138277876,0.06797257,0.249761813,0,0,0,0.203348734,0,0.032019206,0,0,0.025967517,0.003582506,0.003936494,0,0.017100514,0.008913238,0.060225323,0,0.323484491,0.963890734
TB6Ag_D112_RM3,0.027078393,0.161332385,0.00265687,0.09362131,0.043229527,0.134408845,0.111827049,0,0,0,0.161129813,0,0.076339807,0.028092183,0,0.006391621,0,0,0,0,0,0.153892196,0,0.334006671,0.957025746
TB6Ag_D112_RM1,0.026806235,0.193545353,0.005160073,0.069835471,0.238695817,0.104764323,0.061256999,0,0,0,0.109465944,0,0.073245777,0,0,0.015108263,0,0.012849988,0,0,0,0.089265757,0,0.449359829,0.895844131
TB6Ag_D112_RM2,0.000172955,0.128946536,0.005852509,0.087254043,0.162028946,0.143867042,0.093428799,0,0,0,0.164791677,0,0.062124047,0.019022467,0,0.007792342,0,0.017263204,0,0.011201527,0,0.096253908,0,0.346057611,0.952354384
TB6Ag_D112_RM7,0.01933616,0.11075619,0.036650807,0.111799536,0.241450025,0.044257262,0.145562592,0,0,0,0.15204155,0,0.063293734,0.010012138,0,0,0,0.000699821,0,0.001127499,0,0.063012688,0,0.448089975,0.896359243
TB6Ag_D112_RM4,0.007159068,0.082359373,0.027737965,0.028426369,0.084291637,0.068225847,0.107188051,0,0,0,0.107735468,0,0.028552176,0.101255559,0,0,0,0,0,0.019953811,0,0.337114676,0,0.450341749,0.89710221
TB6Ag_D112_RM6,0,0.208560615,0.021874704,0.00177749,0.138102027,0.149174116,0.119182828,0,0,0,0.163217479,0,0.044035109,0,0,0,0,0.006199288,0,0,0.011147646,0.136728699,0,0.375107153,0.935249504
TB6Ag_D112_RM5,0.020365597,0.178015655,0.007325893,0.075325147,0.02831581,0.085465033,0.110752944,0,0,0,0.111450929,0,0.227141925,0.028314615,0,0.003176782,0,6.10E-05,0,0.015908686,0,0.108380007,0,0.384830381,0.926594087
TB6Ag_D112_RM8,0.076135357,0.072908161,0.005042323,0.077968252,0.158030405,0.085539288,0.089255182,0,0,0,0.15371626,0,0.119319623,0.032425025,0,0.007632649,0,0.007508694,0,0.01939578,0,0.095123002,0,0.347726601,0.946998499
TB6Ag_D112_RM9,0.070624342,0.034289045,0.001002301,0.076645605,0.196300364,0.055154667,0.117821534,0,0,0,0.154600589,0,0.144057063,0.021622481,0,0.005633918,0,0.01054394,0,0.007065136,0,0.104639016,0,0.384421208,0.928602013
pp71_D112_RM20,0.076081569,0.071081894,0.005531232,0.072458811,0.084472887,0.141028162,0.106674166,0,0,0,0.159100973,0,0.166403896,0.026002344,0,0.001425242,0,0,0,0,0,0.089738825,0,0.397447861,0.921624858
pp71_D112_RM13,0.06079311,0.139594075,0.008920843,0.058348274,0.161638335,0.136984541,0.096427731,0,0,0,0.154394089,0,0.077861636,0.010093186,0,0,0,0.00091779,0,0.00768786,0,0.08633853,0,0.375082215,0.936943794
pp71_D112_RM14,0,0.338872963,0.011867071,0.042010208,0.087058151,0.085325452,0.058675482,0,0,0,0.133841069,0,0.022387554,0.028153758,0,0.005328871,0,0.001165665,0,0.023389263,0,0.161924494,0,0.434448727,0.905146377
pp71_D112_RM15,0,0.063067072,0.008969502,0.006496983,0.1669619,0.069876952,0.092080385,0,0,0,0.191875079,0,0.049053672,0.063487075,0,0.003647541,0,0,0,0.049844095,0,0.234639744,0,0.30636457,0.97199786
pp71_D112_RM16,0.039406369,0.091243219,0.007996802,0.089464493,0.226921546,0.085251559,0.077008276,0,0,0,0.125956755,0,0.063043365,0.005765674,0,0.003649818,0,0.009569169,0,0.025534922,0,0.149188032,0,0.324500477,0.964197297
pp71_D112_RM18,0.064433968,0.113337695,0.011833609,0.094241042,0.148451171,0.12386323,0.067745993,0,0,0,0.114344839,0,0.056534877,0.030208561,0,0.005938096,0,0.003430497,0,0,0,0.165636422,0,0.380218678,0.934156666
pp71_D112_RM19,0,0.086838535,0.009703271,0.058886701,0.058035837,0.026777,0.118186923,0,0,0,0.087907891,0,0.129837522,0.094840941,0,0,0,0,0,0.023100467,0,0.305884912,0,0.449855747,0.896958583
pp71_D112_RM17,0.00242896,0.177705573,0.031205539,0.083635505,0.159855493,0.039898306,0.094867452,0,0,0,0.103257166,0,0.106245141,0.037996206,0,0,0,0,0,0,0,0.162904657,0,0.372141234,0.934902644
TB6Ag_D560_RM10,0.003101875,0.13229144,0.006636207,0.063415388,0.18068154,0.079771797,0.194353976,0,0,0,0.227347139,0,0.077147225,0.004559227,0,0,0,0.002663644,0,0,0,0.028030543,0,0.446970279,0.898105566
TB6Ag_D560_RM11,0.05949231,0.078608122,0.006258981,0.039570304,0.066920104,0.090939939,0.07947886,0,0,0,0.140188091,0,0.077030246,0.045456638,0,0.010423321,0,0,0,0.036436652,0,0.269196433,0,0.366559593,0.941511483
TB6Ag_D560_RM12,0.01658582,0.049184626,0.00426932,0.112608684,0.064151775,0.044918202,0.196226206,0,0,0,0.26487403,0,0.092635053,0.017191504,0,0.015254748,0,0,0,0.012172621,0,0.109927411,0,0.298488343,0.980685049
TB6Ag_D560_RM3,0,0.157017008,0.007548818,0.160856701,0.037131762,0.079837407,0.175888596,0,0,0,0.208168634,0,0.058882672,0.008102904,0,0.016443044,0.000738857,0.000543475,0,0.002802093,0,0.08603803,0,0.307892956,0.974663625
TB6Ag_D560_RM1,0,0.097425982,0.000648779,0.082106678,0.206972348,0.164145381,0.105536127,0,0,0,0.196130745,0,0.070479537,0,0,0.007005738,0,0.005059152,0,0,0,0.064489533,0,0.409504057,0.923382807
TB6Ag_D560_RM2,0.017461602,0.070601626,0.00269204,0.052391302,0.272941759,0.135502886,0.118445134,0,0,0,0.183366085,0,0.055491813,0.002605221,0,0.008212438,0,0.017063683,0.000721214,0,0,0.062503197,0,0.417012957,0.918111825
TB6Ag_D560_RM7,0.00529033,0.051633082,0.102953276,0.086338728,0.153390312,0.098181467,0.090068669,0,0,0,0.136592519,0,0.055237575,0.026434084,0,0,0,0,0,0.008182103,0,0.185697855,0,0.359381782,0.94266011
TB6Ag_D560_RM4,0.025568316,0.080760318,0.055797407,0.06908368,0.07537251,0.064827978,0.121667266,0,0,0,0.172490323,0,0.053823125,0.078255659,0,0.024574948,0,0,0,0.061129269,0,0.116649199,0,0.354777543,0.938836262
TB6Ag_D560_RM6,0.035962683,0.064755343,0.005445671,0.144509366,0.0593728,0.05970966,0.160520319,0,0,0,0.180064928,0,0.128111496,0.014010264,0,0.009941153,0,0.000281402,0,0.015162941,0,0.122151974,0,0.32619637,0.959865946
TB6Ag_D560_RM5,0.057090097,0.05393028,0,0.09174739,0.045565606,0.028417277,0.12354962,0,0,0,0.128479448,0,0.376815829,0.014676822,0,0,0,0.003251715,0,0.031913271,0,0.044562646,0,0.445921561,0.89521413
TB6Ag_D560_RM8,0.064155622,0.066232352,0,0.073384602,0.259720702,0.074351982,0.087982168,0,0,0,0.153419028,0,0.104095409,0.017070344,0,0.009512108,0,2.49E-05,0,0.022702689,0,0.067348069,0,0.341811718,0.95459448
TB6Ag_D560_RM9,0.021488195,0.05897868,0.006546738,0.106512593,0.091386673,0.007740877,0.17197956,0,0,0,0.194441941,0,0.149496141,0.022714305,0,0,0,0.000654427,0,0.021587034,0,0.146472836,0,0.363243078,0.93983424
pp71_D560_RM20,0.040308568,0.080461065,0.005988811,0.046162249,0.14408085,0.117451073,0.098915392,0,0,0,0.139194179,0,0.172277955,0.043885658,0,0.000171238,0,0,0,0,0,0.111102962,0,0.415286908,0.911426523
pp71_D560_RM13,0.031490116,0.134052539,0,0.106370901,0.170199968,0.075966731,0.165303751,0,0,0,0.176527012,0,0.076600302,0.003718743,0,0.014654312,0,0.00093796,0,0.004073652,0,0.040104014,0,0.367887092,0.942045902
pp71_D560_RM14,0.023189348,0.124289323,0.005318361,0.080447134,0.072036298,0.058647653,0.130037085,0,0,0,0.135894647,0,0.063023807,0.05573524,0,0.030589704,0,0,0,0.048993315,0,0.171798084,0,0.360522717,0.937589509
pp71_D560_RM15,0.039669941,0.032822241,0.004543154,0.056270443,0.124918491,0.034572506,0.170007105,0,0,0,0.151146905,0,0.143345661,0.058598049,0,0,0,0,0,0.042550386,0,0.141555117,0,0.33876279,0.948593593
pp71_D560_RM16,0.006763113,0.044266843,0.01035906,0.158719373,0.150141055,0,0.21876976,0,0,0,0.235030071,0,0.093109048,0.004533166,0,0,0.002683255,0.0017565,0,0.017908777,0,0.055959978,0,0.355960024,0.951668936
pp71_D560_RM18,0,0.109800363,0.005343089,0.055039877,0.160255196,0.03884697,0.073658272,0,0,0,0.11402162,0,0.056151663,0.084192634,0,0.008409025,0,0,0.002613831,0,0,0.291667461,0,0.398513995,0.926544531
pp71_D560_RM19,0,0.044638975,0.064255961,0.08758683,0.051637414,0.031283956,0.140952715,0,0,0,0.107690279,0,0.136743543,0.077142487,0,0.006417139,0,0,0,0.033270714,0,0.218379986,0,0.394340284,0.921855725
pp71_D560_RM17,0,0.073578763,0.011647055,0.032782794,0.078794603,0.091456082,0.086996884,0,0,0,0.109297851,0,0.132260512,0.142977849,0,0,0,0,0,0,0,0.240207606,0,0.388336342,0.929563939
TB6Ag_D743_RM10,0,0.221901888,0.00831509,0.058555876,0.101803939,0.130306991,0.142595734,0,0,0,0.186220036,0,0.088132269,0.011577544,0,0,0,0.001794914,0,0,0,0.048795719,0,0.417891915,0.912695653
TB6Ag_D743_RM11,3.72E-05,0.120521851,0.011698731,0.011319634,0.160311056,0.110217126,0.19505395,0,0,0,0.174229959,0,0.037675364,0.016441541,0.000104025,0,0.00887177,0.001594166,0,0,0.007189552,0.144734028,0,0.3531438,0.945555036
TB6Ag_D743_RM12,0.03987802,0.059153608,0.006933585,0.148732279,0.126642357,0.019955543,0.183319241,0,0,0,0.202769153,0,0.078375911,0.008845986,0,0.021890015,0,0.001632932,0,0.011218956,0,0.090652413,0,0.291909226,0.98073159
TB6Ag_D743_RM3,0.000935355,0.130253331,0.009492752,0.050269604,0.045612064,0.120035413,0.065707837,0,0,0,0.097583093,0,0.080227895,0.099825656,0,0,0,0,0,0.000577386,0,0.299479615,0,0.404797021,0.923738856
TB6Ag_D743_RM1,0,0.115640893,0.007012499,0.01832217,0.141267768,0.164885184,0.090962445,0,0,0,0.168470904,0,0.092057322,0.018051665,0,0.021385103,0,0.000157275,0,0,0,0.161786772,0,0.364957585,0.940335312
TB6Ag_D743_RM2,0.011167225,0.047661738,0,0.10235658,0.205990577,0.061677025,0.179845563,0,0,0,0.230475938,0,0.065217146,0.007534793,0,0.004284213,0,0.002167033,0,0.000493882,0,0.081128289,0,0.384253014,0.937626491
TB6Ag_D743_RM7,0.005525234,0.04570023,0.025488322,0.121545139,0.105806667,0.090570164,0.173513383,0,0,0,0.226403588,0,0.103455288,0.011025821,0,0.000183202,0,4.71E-05,0,0.000398958,0,0.090336886,0,0.363119445,0.945662379
TB6Ag_D743_RM4,0,0.062541419,0.001956541,0.002814562,0.05889543,0.008265941,0.071381309,0,0,0,0.067245412,0,0.092758788,0.177400882,0,0,0,0,0,0,0.004167016,0.4525727,0,0.560605199,0.836936297
TB6Ag_D743_RM6,0,0.054889671,0.009282573,0,0.032401499,0.044230291,0.050039999,0,0.020680881,0.007454904,0.05651625,0,0.190966848,0.182868769,0,0,0,0,0,0,0,0.350668316,0,0.555909367,0.834056014
TB6Ag_D743_RM5,0,0.067130778,0.012134553,0,0.029152413,0.0349972,0.03612744,0,0.056131089,0,0.070782513,0,0.282011312,0.189564594,0,0,0,0,0,0,0,0.221968109,0,0.529447571,0.848336614
TB6Ag_D743_RM8,0.068218563,0.02085923,0.001028298,0.092842702,0.157221921,0.015780767,0.132579528,0,0,0,0.152768785,0,0.118141515,0.048577245,0,0.012094312,0,0,0,0.05223669,0,0.127650445,0,0.317034408,0.959903311
TB6Ag_D743_RM9,0.024078236,0.0354684,0.002731746,0.081611408,0.085285415,0.059987479,0.120794971,0,0,0,0.143729155,0,0.187651146,0.039948364,0,0.024687559,0,0,0,0,0,0.194026121,0,0.391306847,0.926395655
pp71_D743_RM20,0.020354116,0.068946309,0.006907653,0.048461995,0.133774366,0.109139493,0.122382974,0,0,0,0.133932713,0,0.176619076,0.03639394,0,0,0,0.004551244,0,0.014679161,0,0.12385696,0,0.407765658,0.914844221
pp71_D743_RM13,0.020693745,0.11262418,0.009333015,0.015134561,0.210309879,0.147608538,0.188712898,0,0,0,0.188163123,0,0.036152714,0,0.000330039,0.018121553,0.006709653,0.002952654,0,0,0.003539347,0.0396141,0,0.371026993,0.941518782
pp71_D743_RM14,0.025369586,0.114457796,0.005206336,0.094497353,0.064975754,0.02240914,0.128193174,0,0,0,0.126733456,0,0.076748658,0.064127539,0,0.030214434,0,0,0,0.038555606,0,0.208511167,0,0.424919187,0.905757114
pp71_D743_RM15,0,0.063365274,0.011217403,0.005143613,0.069547068,0.035438244,0.06627627,0,0,0,0.080307131,0,0.244544481,0.138136843,0,0,0,0,0,0,0,0.286023673,0,0.480025517,0.882475672
pp71_D743_RM16,0.003738455,0.04300429,0.018592652,0.070957692,0.107665073,0.094078938,0.240645987,0,0,0,0.153978859,0,0.090189802,0.03417909,0,0,0.004205729,0.002110454,0,0,0,0.136652981,0,0.297953083,0.97297665
pp71_D743_RM18,0.003510711,0.057429743,0.02490596,0.013240802,0.135679702,0.072096285,0.065631488,0,0,0,0.108828922,0,0.145105645,0.139400147,0,0,0,0.000167199,0,0,0,0.234003396,0,0.449624796,0.894746971
pp71_D743_RM19,0.003104475,0.081538114,0.020779509,0.03941343,0.073280477,0.11634865,0.255724656,0,0,0,0.14698587,0,0.067176177,0.028295192,0,0.000710454,0.005897731,0.00336869,0,0,0,0.157376575,0,0.38475157,0.926959312
pp71_D743_RM17,0.00878508,0.093936461,0.00696182,0.072062595,0.205782849,0.070576774,0.098688411,0,0,0,0.131369308,0,0.103503498,0.056149318,0,0,0,4.64E-05,0,0.010093261,0,0.142044272,0,0.339534701,0.952460824
TB6Ag_D746_RM10,0.001480568,0.19139317,0.007679784,0.078117185,0.100184915,0.07484329,0.177833855,0,0,0,0.209942135,0,0.083830764,0.004070882,0,0.010082586,0,0.001831004,0,0,0,0.058709864,0,0.393467506,0.925968857
TB6Ag_D746_RM11,0.000295126,0.1382003,0.003299833,0.121403864,0.060351235,0.037308248,0.130621253,0,0.015114801,0,0.158938334,0,0.099428979,0.013923185,0,0.039099708,0,0,0,0.005041261,0,0.176973872,0,0.371112657,0.93554075
TB6Ag_D746_RM12,0.023554611,0.083448896,0.006509574,0.133525894,0.07621374,0.064578605,0.185925104,0,0,0,0.194320273,0,0.098994457,0.006072133,0,0.018619222,0,0.000140156,0,0.00034424,0,0.107753096,0,0.323053168,0.963318942
TB6Ag_D746_RM3,0,0.133559448,0.011721596,0.095789318,0.094185637,0.083206783,0.208492623,0,0,0,0.197858269,0,0.118761004,0.003655614,0.000458142,0.010773184,0.001720448,0.004070002,0.004772546,0,0,0.030975386,0,0.337216104,0.955049572
TB6Ag_D746_RM1,0.019948739,0.093126693,0.004995305,0.059383743,0.224254754,0.090053602,0.117355913,0,0,0,0.154565277,0,0.112659626,0.008864828,0,0.023006149,0,0.006584062,0.000664277,0,0,0.084537031,0,0.441695121,0.898220486
TB6Ag_D746_RM2,0,0.077066126,0.004967992,0.108813155,0.247354242,0.044100548,0.163842263,0,0,0,0.218469448,0,0.058545651,0.000657674,0,0.00898822,0,0.003823269,0,0.000446143,0,0.062925269,0,0.394175027,0.932192908
TB6Ag_D746_RM7,0,0.034158398,0.024941982,0.098397235,0.11973197,0.020084553,0.177719493,0,0,0,0.236486159,0,0.147074137,0.03523581,0,0,0,0,0,0,0,0.106170263,0,0.430535183,0.905053097
TB6Ag_D746_RM4,0,0.133131227,0.009112915,0.053202298,0.109569612,0.029986071,0.173003235,0,0,0,0.174690208,0,0.067051939,0.069743368,0,0,0,0,0,0.042776426,0,0.137732701,0,0.39720277,0.919148882
TB6Ag_D746_RM6,0,0.085297828,0.01758294,0.001328277,0.165932845,0.067741816,0.078725025,0,0,0,0.137307757,0,0.0968135,0.040417,0,0,0,0.002316156,0,0.002828258,0,0.303708598,0,0.437916156,0.904433236
TB6Ag_D746_RM5,0.021894388,0.17129935,0.007418264,0.075077116,0.093993087,0.085986299,0.075485022,0,0,0,0.123622489,0,0.240450316,0.023970889,0,0,0,0.003211406,0,0.013607111,0,0.063984264,0,0.377027441,0.931034082
TB6Ag_D746_RM8,0.022784823,0.065287392,0.006045895,0.105559359,0.116005699,0.025448245,0.201570946,0,0,0,0.220789249,0,0.126174749,0.03882502,0,0,0,0,0,0.02118172,0,0.050326904,0,0.3663417,0.93878542
TB6Ag_D746_RM9,0.010985087,0.060683641,0.003862721,0.132123148,0.049584035,0.043603883,0.163396379,0,0,0,0.17837863,0,0.189283109,0.016961554,0,0.018482449,0,0,0,0.003217967,0,0.129437397,0,0.383072946,0.92972707
pp71_D746_RM20,0.013579207,0.09656785,0.060716385,0.066346073,0.118243585,0.074466882,0.095621808,0,0,0,0.117657548,0,0.206213339,0.020687701,0,0.027101643,0,0,0,0.011882202,0,0.090915776,0,0.438167265,0.8980766
pp71_D746_RM13,0.010806423,0.129259344,0.002845655,0.045120264,0.131346192,0.14109268,0.117165423,0,0,0,0.158941736,0,0.098090874,0.018685472,0,0,0,0.006433424,0,0.005868359,0,0.134344154,0,0.33794241,0.95374038
pp71_D746_RM14,0.025350599,0.209050472,0.008254052,0.100718346,0.087326502,0.048053506,0.131787733,0,0,0,0.144836455,0,0.086472871,0.00714681,0,0.026242462,0,0.001008543,0,0.008143049,0,0.1156086,0,0.425134808,0.906595254
pp71_D746_RM15,0,0.080628632,0.017264423,0.016760891,0.078628811,0.11214213,0.062177636,0,0,0,0.107881456,0,0.1625794,0.108785048,0,0.004029168,0,0,0,0.014205759,0,0.234916645,0,0.38548396,0.930568671
pp71_D746_RM16,0.004389087,0.048271685,0.018631023,0.096931451,0.135935518,0.026634452,0.288886961,0,0,0,0.216926607,0,0.092326458,0.004158667,0,0.001705547,0.007660789,0.003575173,0,0,0,0.05396658,0,0.353470787,0.949534281
pp71_D746_RM18,0.001621194,0.068415746,0.020277311,0.022349391,0.184361337,0.117245283,0.104748913,0,0,0,0.159336579,0,0.048145417,0.044901072,0,0.006084508,0.005724458,0.00044736,0,0.03037089,0.006086314,0.179884229,0,0.370782464,0.935825656
pp71_D746_RM19,0.003175262,0.07059654,0.018041352,0.01389522,0.04618265,0.106087701,0.2580121,0,0,0,0.130079518,0,0.141614062,0.039698151,0,0,0.006776909,0.003265019,0,0,0,0.162575516,0,0.366750753,0.934690096
pp71_D746_RM17,0,0.093294626,0.005295566,0.046884508,0.098089882,0.019978378,0.105342292,0,0,0,0.105468879,0,0.122288237,0.11415219,0,0,0,0,0,0,0,0.289205443,0,0.40166652,0.925070302
TB6Ag_D750_RM10,0.00526713,0.13751971,0.011854696,0.083203858,0.076640965,0.037593712,0.303170843,0,0,0,0.243910458,0,0.042759228,0,0.002333463,0.022825049,0.008955048,0,0,0,0.000474852,0.023490988,0,0.458000643,0.89105781
TB6Ag_D750_RM11,0,0.125098438,0.007733394,0.14951762,0.073082463,0,0.206105781,0,0,0,0.189888984,0,0.090310643,0.026137281,0,0,0,0,0,0.008709804,0,0.123415591,0,0.355416831,0.944622648
TB6Ag_D750_RM12,0.003598748,0.055712225,0.011935834,0.089799528,0.095076989,0,0.260082751,0,0,0,0.220834575,0,0.037632904,0.024922457,0,0.019685679,0.006479591,0,0,0.027085528,0.006154164,0.140999026,0,0.374724371,0.934341342
TB6Ag_D750_RM3,0.037307414,0.085639191,0.010052429,0.127253202,0.072411906,0.168668047,0.135085424,0,0,0,0.21197157,0,0.060526223,0.019211021,0,0,0,0.000766021,0,0,0,0.071107552,0,0.313367171,0.976289158
TB6Ag_D750_RM1,0.01192269,0.204554566,0.012066502,0.078978707,0.260204173,0.041611731,0.090306242,0,0,0,0.13242514,0,0.069895868,0.009330714,0,0.009366235,0,0,0,0,0,0.079337433,0,0.474415019,0.880681427
TB6Ag_D750_RM2,0.029311441,0.06286745,0.004490555,0.06263515,0.233352243,0.120345985,0.170170817,0,0,0,0.217408914,0,0.049149594,4.33E-05,0,0.001373722,0,0.001238337,0,0,0,0.047612514,0,0.430890884,0.91134575
TB6Ag_D750_RM7,0,0.044724852,0.020365031,0.089438185,0.090198978,0.017275764,0.153505576,0,0,0,0.171904999,0,0.102776361,0.101876972,0,0,0,0,0.00559254,0,0,0.202340743,0,0.393167535,0.924465327
TB6Ag_D750_RM4,0.003314771,0.059782024,0.029081496,0.056522983,0.120100889,0.08791528,0.233778075,0,0,0,0.16089396,0,0.029490899,0.04281903,0,0.023973514,0,0.001968586,0,0.045558492,0.001345783,0.103454218,0,0.363306015,0.936851329
TB6Ag_D750_RM6,0.013095092,0.0797222,0.003900157,0.162973181,0.135369466,0.03383506,0.195004111,0,0,0,0.218080213,0,0.108393407,0,0,0,0.000518119,0.001009113,0,0.00061573,0,0.047484151,0,0.411783191,0.91955006
TB6Ag_D750_RM5,0,0.246071149,0.010743554,0.069636659,0.136498421,0.076423626,0.09445442,0,0,0,0.123651998,0,0.199142237,0.02175113,0,0,0.000373066,0.003233733,0,0,0,0.018020009,0,0.479285587,0.876747165
TB6Ag_D750_RM8,0.056115545,0.045279554,0.001257471,0.084930506,0.197914815,0.041930074,0.167606527,0,0,0,0.207998433,0,0.125894938,0.015501594,0,0.007749799,0,0,0,0.007410397,0,0.040410347,0,0.378919118,0.934359612
TB6Ag_D750_RM9,0.026695101,0.023581167,0.004192122,0.121626229,0.079235017,0.029230254,0.181456197,0,0,0,0.193375883,0,0.167738902,0.03088385,0,0,0,0.000146483,0,0.011407815,0,0.130430981,0,0.388189184,0.927538498
pp71_D750_RM20,0,0.119001547,0.039331967,0.064379291,0.149855514,0.048946674,0.163859264,0,0,0,0.190479918,0,0.119447916,0.033845047,0,0.005750959,0,0,0,0.000357595,0,0.064744308,0,0.476015529,0.878365003
pp71_D750_RM13,0.020586825,0.104999621,0.008213773,0.02791207,0.225397071,0.137783158,0.177141053,0,0,0,0.196338619,0,0.014430984,0,0.000199386,0.027572905,0.004179715,0.003134784,0,0,0.007972192,0.044137844,0,0.347417617,0.956718852
pp71_D750_RM14,0,0.215879566,0.006052777,0.09864895,0.057581765,0.036332246,0.129101331,0,0,0,0.128936316,0,0.049163498,0.056686195,0,0.021301939,0,0,0,0.020662328,0,0.179653087,0,0.427325862,0.904826967
pp71_D750_RM15,0.000185863,0.078556265,0.020409433,0.093100888,0.152913243,0.071391024,0.214412397,0,0,0,0.186758306,0,0.068308118,0,0,0.012568367,0.005112453,0.003575123,0,0,0.010436922,0.082271596,0,0.270737042,0.991079371
pp71_D750_RM16,0,0.040732391,0.039138922,0.108025384,0.089366247,0.10292538,0.175583927,0,0,0,0.215029477,0,0.102752054,0.014327832,0,0,0.000865397,0.001407554,0,0.023652902,0,0.086192534,0,0.307219709,0.971914788
pp71_D750_RM18,0.017539398,0.107631656,0.021760912,0.084182114,0.153087508,0.056137213,0.135202101,0,0,0,0.15059288,0,0.069232674,0.053624751,0,0,0,0,0,0,0,0.151008794,0,0.368894939,0.936505474
pp71_D750_RM19,0,0.098712133,0.013030927,0.084902014,0.058814296,0.050356063,0.206858691,0,0,0,0.179150521,0,0.135783888,0.030853802,0,0.000111981,0,0.000266339,0,0.025846225,0,0.115313118,0,0.392339998,0.92233243
pp71_D750_RM17,0.017453383,0.101835795,0.007711211,0.074865069,0.163783841,0.118710259,0.149455935,0,0,0,0.15171892,0,0.107391863,0.012517571,0,0,0,0.010725179,0,0.00058866,0,0.083242314,0,0.327252052,0.960311082
TB6Ag_D757_RM10,0,0.222507201,0.010273668,0.042605177,0.096003849,0.07813975,0.231813066,0,0,0,0.204242764,0,0.053495058,0,0,0.022373692,0,0.004693136,0,0,0,0.033852638,0,0.402819613,0.920941399
TB6Ag_D757_RM11,0.032749053,0.0939297,0.001964592,0.15985287,0.045056335,0.008394091,0.161697562,0,0.002495039,0,0.184518835,0,0.118800768,0.02740575,0,0.01576112,0,0,0,0.031282215,0,0.116092071,0,0.331600811,0.954941351
TB6Ag_D757_RM12,0.00643512,0.038877809,0.007387306,0.107795066,0.062033765,0,0.178572212,0,0,0,0.170496124,0,0.087703131,0.104105674,0,0,0,0,0,0.037717998,0,0.198875795,0,0.370904861,0.935672491
TB6Ag_D757_RM3,0,0.132599443,0.011870166,0.039262718,0.102455001,0.213927623,0.107195176,0,0,0,0.211362881,0,0.055143261,0.014832575,0.000869306,0.024646507,0.000969915,0.001748,0,0,0,0.083117429,0.01,0.259796966,0.999614813
TB6Ag_D757_RM1,0.01881083,0.129965777,0,0.070136166,0.312504132,0.076976705,0.072484267,0,0,0,0.137072996,0,0.101087793,0.00261073,0,0.010105413,0,0.012998475,0.001221268,0,0,0.054025448,0,0.444526744,0.89946403
TB6Ag_D757_RM2,0.041884173,0.032960132,0,0.056487758,0.191653556,0.13928695,0.18438389,0,0,0,0.253096657,0,0.044697152,0,0,0.004570499,0,0.001507109,0,0,0,0.049472124,0,0.422801526,0.917865916
TB6Ag_D757_RM7,0,0.046220231,0.020174838,0.104122494,0.133560332,0.090986201,0.192279347,0,0,0,0.251471345,0,0.083861808,0.016663575,0,0,0.002998169,0.000658324,0,0,0,0.057003336,0,0.421208868,0.914628642
TB6Ag_D757_RM4,0.00231002,0.101168689,0.018025593,0.075340024,0.070629158,0.055267311,0.170311038,0,0,0,0.162453306,0,0.066572549,0.080393468,0,0,0,0,0,0.046752803,0,0.15077604,0,0.356221348,0.939624865
TB6Ag_D757_RM6,0.029879593,0.056938593,0.00395286,0.147699402,0.142148392,0.05532243,0.181479345,0,0,0,0.196375313,0,0.100761377,0,0,0.008583709,0,0.001431753,0,0.005336701,0,0.070090532,0,0.369805878,0.9417005
TB6Ag_D757_RM5,0.031439982,0.130318903,0.00737172,0.096667232,0.114673426,0.070128483,0.173961192,0,0,0,0.17817689,0,0.163560819,0,0,0.004533196,0,0.001550413,0,0.00753085,0,0.020086895,0,0.407888574,0.916591207
TB6Ag_D757_RM8,0,0.101519133,0.007436563,0.107897704,0.184944526,0.043072721,0.227927196,0,0,0,0.174929611,0,0.049705203,0.021347205,0,0.010807941,0.004347071,0.001047123,0,0,0.001855158,0.063162845,0,0.30352433,0.975672104
TB6Ag_D757_RM9,0.007345128,0.056898159,0.00155392,0.151773714,0.053927014,0.005850527,0.155397462,0,0,0,0.167359501,0,0.159146546,0.024456496,0,0.017726701,0,0,0,0.003834807,0,0.194730024,0,0.408475961,0.917726173
pp71_D757_RM20,0.002516549,0.091013149,0.003494337,0.017925472,0.115693207,0.128677064,0.111019892,0,0,0,0.153861373,0,0.163964211,0.060522363,0,0,0,0,0.002926758,0,0,0.148385625,0,0.463364118,0.885335644
pp71_D757_RM13,0.028395245,0.147953659,0,0.083694072,0.22171753,0.109624415,0.094400477,0,0,0,0.169995426,0,0.080807072,0.004155953,0,0.005347921,0,0.003322387,0,0.006714924,0,0.043870917,0,0.357078568,0.950570568
pp71_D757_RM14,0,0.244116805,0.007849776,0.051404693,0.060517154,0.039400657,0.065006695,0,0,0,0.079845708,0,0.052914859,0.099856357,0,0.028088715,0,0,0,0.024718402,0,0.246280179,0,0.455793461,0.89108256
pp71_D757_RM15,0.002584167,0.086778655,0.004709744,0.041634143,0.084499231,0.099962835,0.070277556,0,0,0,0.120803363,0,0.177965763,0.084140378,0,0.023640575,0,0,0,0.013827372,0,0.189176218,0,0.360921295,0.940954329
pp71_D757_RM16,0,0.040034776,0.030631967,0.092267548,0.12171575,0.056621897,0.161155475,0,0,0,0.161786177,0,0.087559783,0.029376396,0,0,0.000280131,0,0,0.044580989,0,0.173989111,0,0.334367297,0.953902361
pp71_D757_RM18,0.024603921,0.129773729,0.008634809,0.088539207,0.146343157,0.093814168,0.091405848,0,0,0,0.145921133,0,0.106535049,0.029276323,0,0.004529143,0,0.008223776,0,0.005295878,0,0.117103859,0,0.352229134,0.945729541
pp71_D757_RM19,0,0.08995917,0.008785966,0.067227661,0.011431874,0.022767551,0.124269054,0,0,0,0.080795375,0,0.170226198,0.123983928,0,0,0,0,0,0.007497152,0,0.293056071,0,0.479577029,0.879542458
pp71_D757_RM17,0.029422505,0.078241256,0.007867766,0.08972344,0.19138133,0.088938242,0.150857723,0,0,0,0.145114033,0,0.121141275,0.018493063,0,0,0,0.007638029,0,0.002845935,0,0.068335403,0,0.315420082,0.966538037
TB6Ag_D1177_RM10,0.024628718,0.129306777,0.004068592,0.039290489,0.103389488,0.173537001,0.141511719,0,0,0,0.24492167,0,0.071975937,0.008913767,0,0,0,0.000486433,0,0,0,0.057969411,0,0.41855852,0.914930564
TB6Ag_D1177_RM11,0.049741188,0.031461769,0.008653531,0.097844657,0.038816008,0.029642095,0.176599325,0,0,0,0.109145755,0,0.099869823,0.092459305,0,0,0,0,0,0.012950029,0,0.252816515,0,0.369755098,0.938113487
TB6Ag_D1177_RM12,0.051406622,0.034645283,0.00420736,0.137214578,0.037650709,0.039962995,0.201613269,0,0,0,0.267369164,0,0.101207546,0.008609836,0,0.012209579,0,0.000630378,0,0.017283656,0,0.085989027,0,0.337254778,0.960342232
TB6Ag_D1177_RM3,0.037131815,0.087870485,0,0.093537634,0.077009696,0.229752073,0.078062047,0,0,0,0.182785002,0,0.097124068,0.015021007,0,0.014975081,0,0.004294159,0,0,0,0.082436932,0,0.270942242,0.995808683
TB6Ag_D1177_RM1,0.0242717,0.078827109,0.005670711,0.065749243,0.202935325,0.150430826,0.089222183,0,0,0,0.167153867,0,0.101151537,0.001172213,0,0.021307254,0,0.010982607,0,0,0,0.081125426,0,0.357191552,0.947724057
TB6Ag_D1177_RM2,0.025133296,0.069741057,0.004068783,0.082311083,0.151304006,0.104410693,0.064030927,0,0,0,0.146649242,0,0.062079737,0.057037618,0,0.02538068,0,0.014269118,0,0.024648437,0,0.168935324,0,0.333454674,0.95538896
TB6Ag_D1177_RM7,0.002197671,0.041312522,0.007519182,0,0.071639809,0.109513065,0.050324366,0,0.028070652,0,0.100360213,0,0,0.217107555,0,0,0,0,0,0,0,0.371954964,0,0.409639811,0.933257187
TB6Ag_D1177_RM4,0.004990857,0.048881369,0.014758972,0.007835353,0.053218178,0.097037289,0.07963495,0,0.000300067,0,0.12924453,0,0.041238526,0.062704019,0,0,0,0.003895068,0,0.131165774,0.013605231,0.311489817,0,0.397749836,0.924947419
TB6Ag_D1177_RM6,0,0.16850053,0.011073257,0.04818475,0.14108974,0.106987707,0.184802891,0,0,0,0.185150106,0,0.03876036,0,0,0.014941937,0,0.005829352,0,0,0.009774585,0.084904785,0,0.334028822,0.957612729
TB6Ag_D1177_RM5,0.034661297,0.167280458,0.023110732,0.091542552,0.108514845,0.139495078,0.066622625,0,0,0,0.132707529,0,0.131485705,0.009263529,0,0,0,0.00568241,0,0,0,0.089633239,0,0.384458497,0.930295707
TB6Ag_D1177_RM8,0.056489872,0.054650681,0.004369924,0.052902168,0.127295977,0.143999351,0.107876995,0,0,0,0.166617925,0,0.138041351,0.008272991,0,0.014023961,0,0.00442178,0,0.028711882,0,0.092325142,0,0.333335025,0.954483625
TB6Ag_D1177_RM9,0.025418614,0.029028109,0.005602591,0.055289227,0.115825462,0.074912333,0.13981412,0,0,0,0.15764976,0,0.193488173,0.028579576,0,0,0,0.000434216,0,0.022325461,0,0.151632358,0,0.359120377,0.941583651
pp71_D1177_RM20,0.033225262,0.079023058,0.011956285,0.054052894,0.080750567,0.109994022,0.091952692,0,0,0,0.118919975,0,0.188331296,0.017250453,0,0.019847936,0,0,0,0,0,0.194695561,0,0.381484307,0.931306923
pp71_D1177_RM13,0,0.118200999,0.01316348,0.020194699,0.136757946,0.156737031,0.135475774,0,0,0,0.166866326,0,0.023715192,0.027028241,0,0,0.004998139,0.001989455,0.027513112,0,0,0.167359603,0,0.33236893,0.956479398
pp71_D1177_RM14,0,0.160262548,0.005384062,0.072379921,0.071364567,0.106768111,0.096143057,0,0,0,0.133873455,0,0.068987744,0.037416794,0,0.030946619,0,0,0,0.018937565,0,0.197535556,0,0.337088537,0.952698269
pp71_D1177_RM15,0,0.065488805,0.01237822,0,0.030445755,0.081705023,0.029391864,0,0.055454859,0,0.103180193,0,0.048880377,0.161918333,0,0,0,0,0,0,0.018774006,0.392382566,0,0.44357881,0.912091815
pp71_D1177_RM16,0,0.039616463,0.02025515,0.065025722,0.108558677,0.073720401,0.133490286,0,0,0,0.11822138,0,0.09229486,0.035050205,0,0,0,0.000117112,0,0.029137247,0,0.284512497,0,0.356325002,0.948945602
pp71_D1177_RM18,0.01124568,0.044646215,0.050627259,0.019961327,0.083241909,0.059308106,0.029421371,0,0,0,0.046832566,0,0.117353818,0.141389346,0,0,0,0,0.006679515,0,0,0.389292889,0,0.423173859,0.926713648
pp71_D1177_RM19,0,0.18059342,0,0.048728166,0.011222341,0.045943405,0.102364015,0,0,0,0.085867836,0,0.09202654,0.107401852,0,0,0,0,0,0.009945435,0,0.315906989,0,0.4817042,0.878324666
pp71_D1177_RM17,0,0.072421758,0.050352906,0.016080474,0.046845165,0.058926431,0.056495212,0,0,0,0.066848001,0,0.027470958,0.12853421,0,0,0,0,0,0,0,0.476024884,0,0.42342715,0.936815745
TB6Ag_D1191_RM10,0.018469011,0.161201084,0.008698982,0.091045201,0.079952853,0.06044375,0.211406706,0,0,0,0.221954542,0,0.069671658,0.005334063,0,0.001434227,0,0.002470462,0,0,0,0.067917462,0,0.38050878,0.934107806
TB6Ag_D1191_RM11,0.033263434,0.081691701,0.012402505,0.132355938,0.050690394,0,0.172119575,0,0,0,0.120360243,0,0.108168792,0.034382544,0,0.006995564,0.004506985,0,0,0.012576877,0,0.230485448,0,0.351169537,0.946787678
TB6Ag_D1191_RM12,0.000789297,0.060671664,0.004107866,0.129031347,0.067331202,0.03239872,0.209246423,0,0,0,0.291929389,0,0.094190525,0.010297774,0,0.013244157,0,0,0,0.008821411,0,0.077940226,0,0.353192756,0.95504895
TB6Ag_D1191_RM3,0,0.13224411,0.011792849,0.053807536,0.092647366,0.150964314,0.120110658,0,0,0,0.189845698,0,0.09283408,0.027832144,0,0,0.006613482,0.000820073,0,0,0.013608925,0.106878764,0.01,0.257170639,0.994418558
TB6Ag_D1191_RM1,0.025637148,0.065209034,0.004397489,0.06784109,0.169509794,0.19658783,0.080807985,0,0,0,0.16495155,0,0.083194985,0,0,0.024174583,0,0.018127309,0,0,0,0.099561202,0,0.328925266,0.964307099
TB6Ag_D1191_RM2,0,0.093390441,0,0.061948946,0.26701615,0.130049157,0.133107372,0,0,0,0.199017008,0,0.041348328,0,0,0.006360347,0,0.007464889,0.000479833,0,0,0.059817528,0,0.399004335,0.931286048
TB6Ag_D1191_RM7,0.01774285,0.08290115,0.002897249,0.127906111,0.085462248,0.057309581,0.133972108,0,0,0,0.212460454,0,0.095607812,0.02521601,0,0.001973984,0,0,0,0.012853988,0,0.143696455,0,0.327881107,0.962060482
TB6Ag_D1191_RM4,0.006094984,0.043665005,0.023760495,0.007634408,0.077177383,0.128408157,0.253331313,0,0,0,0.158381053,0,0.042315999,0.042244472,0,0,0,0.007308103,0,0.014575799,0,0.195102829,0,0.309033718,0.966549033
TB6Ag_D1191_RM6,0.030447947,0.112920466,0,0.145372172,0.080399057,0.052148429,0.162944631,0,0,0,0.195384003,0,0.108107022,0.010331233,0,0.002338808,0,0.001465282,0,0,0,0.098140951,0,0.344065038,0.9531519
TB6Ag_D1191_RM5,0,0.156540506,0.061621357,0.067290974,0.086641326,0.002630963,0.096628738,0,0,0,0.078997785,0,0.134154368,0.111289035,0,0,0,0,0,0.00325015,0,0.200954797,0,0.429923086,0.903662329
TB6Ag_D1191_RM8,0,0.08093334,0.014699766,0.029469788,0.185800708,0.071592364,0.177096979,0,0,0,0.136532836,0,0.124169551,0.036996207,0,0,0.005620826,0.000432043,0,0,0.013287276,0.123368316,0,0.320836792,0.958684435
TB6Ag_D1191_RM9,0.003808826,0.045294654,0.009137715,0.132724496,0.037127303,0.061054192,0.172558916,0,0,0,0.203521798,0,0.161329608,0.022148109,0,0,0,0.001150342,0,0.00843885,0,0.141705191,0,0.365661779,0.941074733
pp71_D1191_RM20,0.004907638,0.063733312,0.016596931,0.054186493,0.135537924,0.107154658,0.132783736,0,0,0,0.159795348,0,0.165751185,0.044413421,0,0,0,0,0,0.01057476,0,0.104564593,0,0.389320496,0.92470989
pp71_D1191_RM13,0,0.124699885,0.008502779,0.046071601,0.237595426,0.117056088,0.17003248,0,0,0,0.162512126,0,0.021997461,0,1.89E-05,0.024049896,0.005579301,0.00379754,0,0,0.009041802,0.069044726,0,0.321928534,0.968219858
pp71_D1191_RM14,0,0.104351191,0.015417984,0.03529306,0.062817624,0.067112999,0.087830481,0,0,0,0.08856545,0,0.023395014,0.119226578,0,0.014967395,0,0,0,0.047593264,0,0.33342896,0,0.40311723,0.924881325
pp71_D1191_RM15,0,0.083612756,0.007554158,0.012749102,0.066421052,0.031990984,0.05044222,0,0,0,0.064234584,0,0.148872537,0.149022399,0,0,0,0,0,0,0,0.385100208,0,0.469313468,0.897551362
pp71_D1191_RM16,0.002630398,0.045410313,0.018490092,0.00914923,0.150363536,0.130807917,0.208309939,0,0,0,0.154874959,0,0.091573019,0.035384169,0,0,0.005757024,0.001964341,0,0,0,0.145285063,0,0.286918108,0.978270875
pp71_D1191_RM18,0,0.057005927,0.009748773,0.047362732,0.07171575,0.064074218,0.094074174,0,0,0,0.116393279,0,0.085902659,0.14541363,0,0,0,0,0,0,0,0.308308858,0,0.401184763,0.927801259
pp71_D1191_RM19,0.041249301,0.127116592,0,0.093112757,0.048272916,0.064756993,0.176005742,0,0,0,0.174115227,0,0.116572957,0.021087075,0,0.014590032,0,0,0,0.012786917,0,0.11033349,0,0.408468981,0.914633087
pp71_D1191_RM17,0,0.088337628,0.084696735,0.019527146,0.077250646,0.081508268,0.09318,0,0,0,0.081840249,0,0.135450499,0.085849169,0,0,0,0.001702853,0,0.011628982,0,0.239027826,0,0.353193388,0.945159978
TB6Ag_D1219_RM10,0.035249964,0.171998623,0.006970767,0.046140192,0.097830334,0.150343968,0.141519848,0,0,0,0.181147791,0,0.081185437,0,0,0.004215605,0,0.00398733,0,0,0,0.079410141,0,0.3907838,0.927490582
TB6Ag_D1219_RM11,0.032622512,0.053762387,0.010656214,0.147288736,0.031155473,0,0.185422643,0,0,0,0.140393334,0,0.081414255,0.047020894,0,0,0.003179458,0,0,0.035679107,0,0.231404987,0,0.354653201,0.945025245
TB6Ag_D1219_RM12,0.003778796,0.057759547,0.010304119,0.151633448,0.083021267,0,0.30254067,0,0,0,0.228619752,0,0.063095911,0,0,0.018776687,0.008166862,0,0,0,0.013847941,0.058455,0,0.370360286,0.941865615
TB6Ag_D1219_RM3,0,0.136324344,0.010148055,0.016836966,0.103130986,0.177615851,0.092321354,0,0,0,0.181021327,0,0.085478012,0.036812046,0,0.003768863,0.000439929,0.001107386,0,0,0.00765615,0.147338732,0,0.280941611,0.982947775
TB6Ag_D1219_RM1,0.021568193,0.115755875,0.007240259,0.071733964,0.241482949,0.11345698,0.088881871,0,0,0,0.163925541,0,0.084248855,1.03E-05,0,0.01406073,0,0.013559374,0,0,0,0.064075106,0,0.352630828,0.95149648
TB6Ag_D1219_RM2,0,0.069660999,0.001369865,0.085504423,0.265909432,0.110820118,0.147362682,0,0,0,0.212639691,0,0.048602885,0,0,0.005096745,0,0.004786813,0,0,0,0.048246348,0,0.400035327,0.932763871
TB6Ag_D1219_RM7,0.028287882,0.067425113,0.018678629,0.067690631,0.078467879,0.085611954,0.147554371,0,0,0,0.17090096,0,0.085824046,0.042053847,0,0.005147477,0,0,0,0.013966763,0,0.188390449,0,0.361640363,0.940357201
TB6Ag_D1219_RM4,0.022577783,0.028000105,0.022834144,0.019006954,0.050490991,0.098257439,0.163716355,0,0,0,0.13257938,0,0.051158373,0.0378037,0,0,0,0,0,0.128893429,0,0.244681348,0,0.348023372,0.945551129
TB6Ag_D1219_RM6,0.021097573,0.14540205,0,0.147064585,0.013661408,0.104225406,0.158846789,0,0,0,0.184461339,0,0.118474787,0.001007913,0,0.002535043,0,0.000753694,0,0.012277989,0,0.090191426,0,0.322743736,0.963569988
TB6Ag_D1219_RM5,0.021214756,0.155414923,0.011220914,0.078269798,0.031051903,0.087260852,0.11919972,0,0,0,0.111863848,0,0.210598395,0.01166023,0,0,0,0.000751234,0,0.036129282,0,0.125364144,0,0.337668709,0.949988312
TB6Ag_D1219_RM8,0.023581345,0.079958038,0.003007698,0.087953286,0.106348512,0.104090271,0.158409214,0,0,0,0.208150744,0,0.116715619,0.009893718,0,0.004412338,0,0.000431713,0,0.025222401,0,0.071825103,0,0.279791541,0.985250518
TB6Ag_D1219_RM9,0.007037131,0.031421029,0.007137432,0.126552403,0.045352386,0.030792258,0.185117864,0,0,0,0.161006871,0,0.16719126,0.042027896,0,0,0,0,0,0.020206508,0,0.17615696,0,0.386114656,0.928359194
pp71_D1219_RM20,0.033406366,0.066296684,0.004696017,0.025073138,0.10446136,0.142613266,0.130985245,0,0,0,0.153508091,0,0.174333838,0.025558884,0,0.024107177,0,0,0,0.003861949,0,0.111097986,0,0.388427426,0.92475421
pp71_D1219_RM13,0.019344932,0.118807152,0.005359411,0.06927468,0.203642493,0.142445547,0.082262976,0,0,0,0.168266575,0,0.085541314,0.006571844,0,0.014039235,0,0.004920315,0,0,0,0.079523526,0,0.344469616,0.955569981
pp71_D1219_RM14,0.02711926,0.096019855,0.032873671,0.066095045,0.087440796,0.044235372,0.143737694,0,0,0,0.145010988,0,0.062354487,0.025746658,0,0.025836099,0,0,0,0.058244934,0,0.185285141,0,0.325759216,0.954562024
pp71_D1219_RM15,0,0.060571294,0.011336565,0,0.009805517,0.078657951,0.011222701,0,0.060713949,0,0.07834856,0,0.120602742,0.22015071,0,0,0,0,0,0,0.014269538,0.334320474,0,0.458878166,0.900656162
pp71_D1219_RM16,0.002510714,0.040016449,0.016178272,0.039238697,0.143094567,0.093112277,0.24618292,0,0,0,0.172090668,0,0.067604038,0.037264636,0,0,0.005795111,0.001558783,0,0,0,0.135352868,0,0.277185508,0.984786927
pp71_D1219_RM18,0.014145635,0.071834582,0.004862053,0.064837834,0.126493939,0.102655053,0.074499484,0,0,0,0.127302478,0,0.126357933,0.063536886,0,0,0,0.000339568,0,0.002501154,0,0.220633401,0,0.380480674,0.933665386
pp71_D1219_RM19,0,0.099352674,0.004405468,0.030934715,0.024585175,0.023196477,0.10051351,0,0,0,0.068700838,0,0.124747865,0.148271938,0,0,0,0,0,0.014586159,0,0.360705181,0,0.502540731,0.869105271
pp71_D1219_RM17,0,0.05451623,0.037056928,0.038874953,0.069460367,0.036769968,0.094306269,0,0,0,0.065689953,0,0.134460441,0.134412293,0,0,0,0,0,0.020221879,0,0.31423072,0,0.386780221,0.936576629
